"Index","Name","Category","Definition Link"
,"ABA routing number","Financial","https://learn.microsoft.com/en-us/purview/sit-defn-aba-routing"
,"All Credential Types","Credentials/Secrets","https://learn.microsoft.com/en-us/purview/sit-defn-all-creds"
,"All full names","General","https://learn.microsoft.com/en-us/purview/sit-defn-all-full-names"
,"All medical terms and conditions","Healthcare","https://learn.microsoft.com/en-us/purview/sit-defn-all-medical-terms-conditions"
,"All Physical Addresses","Physical Address","https://learn.microsoft.com/en-us/purview/sit-defn-all-physical-addresses"
,"Amazon S3 Client Secret Access Key","Credentials/Secrets","https://learn.microsoft.com/en-us/purview/sit-defn-amazon-s3-client-secret-access-key"
,"Argentina national identity (DNI) number","Government ID","https://learn.microsoft.com/en-us/purview/sit-defn-argentina-national-identity-numbers"
,"Argentina Unique Tax Identification Key (CUIT/CUIL)","Financial","https://learn.microsoft.com/en-us/purview/sit-defn-argentina-unique-tax-identification-key"
,"ASP.NET machine Key","Credentials/Secrets","https://learn.microsoft.com/en-us/purview/sit-defn-asp-net-machine-key"
,"Australia bank account number","Financial","https://learn.microsoft.com/en-us/purview/sit-defn-australia-bank-account-number"
,"Australian Business Number","Government ID","https://learn.microsoft.com/en-us/purview/sit-defn-australia-business-number"
,"Australian Company Number","Government ID","https://learn.microsoft.com/en-us/purview/sit-defn-australia-business-number"
,"Australia Driver's License Number","Government ID","https://learn.microsoft.com/en-us/purview/sit-defn-australia-drivers-license-number"
,"Australia medical account number","Healthcare","https://learn.microsoft.com/en-us/purview/sit-defn-australia-medical-account-number"
,"Australia passport number","Government ID","https://learn.microsoft.com/en-us/purview/sit-defn-australia-passport-number"
,"Australia physical addresses","Physical Address","https://learn.microsoft.com/en-us/purview/sit-defn-australia-physical-addresses"
,"Australia tax file number","Financial","https://learn.microsoft.com/en-us/purview/sit-defn-australia-tax-file-number"
,"Austria Driver's License Number","Government ID","https://learn.microsoft.com/en-us/purview/sit-defn-austria-drivers-license-number"
,"Austria identity card","Government ID","https://learn.microsoft.com/en-us/purview/sit-defn-austria-identity-card"
,"Austria passport number","Government ID","https://learn.microsoft.com/en-us/purview/sit-defn-austria-passport-number"
,"Austria physical addresses","Physical Address","https://learn.microsoft.com/en-us/purview/sit-defn-austria-physical-addresses"
,"Austria social security number","Government ID","https://learn.microsoft.com/en-us/purview/sit-defn-austria-social-security-number"
,"Austria tax identification number","Financial","https://learn.microsoft.com/en-us/purview/sit-defn-austria-tax-identification-number"
,"Austria Value Added Tax (VAT) Number","Financial","https://learn.microsoft.com/en-us/purview/sit-defn-austria-value-added-tax"
,"Azure App Service deployment password","Credentials/Secrets","https://learn.microsoft.com/en-us/purview/sit-defn-azure-app-service-deployment-password"
,"Azure Batch shared access key","Credentials/Secrets","https://learn.microsoft.com/en-us/purview/sit-defn-azure-batch-shared-access-key"
,"Azure Bot Framework secret key","Credentials/Secrets","https://learn.microsoft.com/en-us/purview/sit-defn-azure-bot-framework-secret-key"
,"Azure Bot service app secret","Credentials/Secrets","https://learn.microsoft.com/en-us/purview/sit-defn-azure-bot-service-app-secret"
,"Azure Cognitive Search API key","Credentials/Secrets","https://learn.microsoft.com/en-us/purview/sit-defn-azure-cognitive-search-api-key"
,"Azure Cognitive Service key","Credentials/Secrets","https://learn.microsoft.com/en-us/purview/sit-defn-azure-cognitive-service-key"
,"Azure Container Registry access key","Credentials/Secrets","https://learn.microsoft.com/en-us/purview/sit-defn-azure-container-registry-access-key"
,"Azure Cosmos DB account access key","Credentials/Secrets","https://learn.microsoft.com/en-us/purview/sit-defn-azure-cosmos-db-account-access-key"
,"Azure Databricks personal access token","Credentials/Secrets","https://learn.microsoft.com/en-us/purview/sit-defn-azure-databricks-personal-access-token"
,"Azure DevOps app secret","Credentials/Secrets","https://learn.microsoft.com/en-us/purview/sit-defn-azure-devops-app-secret"
,"Azure DevOps personal access token","Credentials/Secrets","https://learn.microsoft.com/en-us/purview/sit-defn-azure-devops-personal-access-token"
,"Azure DocumentDB auth key","Credentials/Secrets","https://learn.microsoft.com/en-us/purview/sit-defn-azure-document-db-auth-key"
,"Azure EventGrid access key","Credentials/Secrets","https://learn.microsoft.com/en-us/purview/sit-defn-azure-eventgrid-access-key"
,"Azure Function Master / API key","Credentials/Secrets","https://learn.microsoft.com/en-us/purview/sit-defn-azure-function-master-api-key"
,"Azure IAAS database connection string and Azure SQL connection string","Credentials/Secrets","https://learn.microsoft.com/en-us/purview/sit-defn-azure-iaas-database-connection-string-azure-sql-connection-string"
,"Azure IoT connection string","Credentials/Secrets","https://learn.microsoft.com/en-us/purview/sit-defn-azure-iot-connection-string"
,"Azure IoT shared access key","Credentials/Secrets","https://learn.microsoft.com/en-us/purview/sit-defn-azure-iot-shared-access-key"
,"Azure Logic app shared access signature","Credentials/Secrets","https://learn.microsoft.com/en-us/purview/sit-defn-azure-logic-app-shared-access-signature"
,"Azure Machine Learning web service API key","Credentials/Secrets","https://learn.microsoft.com/en-us/purview/sit-defn-azure-machine-learning-web-service-api-key"
,"Azure Maps subscription key","Credentials/Secrets","https://learn.microsoft.com/en-us/purview/sit-defn-azure-maps-subscription-key"
,"Azure publish setting password","Credentials/Secrets","https://learn.microsoft.com/en-us/purview/sit-defn-azure-publish-setting-password"
,"Azure Redis cache connection string","Credentials/Secrets","https://learn.microsoft.com/en-us/purview/sit-defn-azure-redis-cache-connection-string"
,"Azure Redis cache connection string password","Credentials/Secrets","https://learn.microsoft.com/en-us/purview/sit-defn-azure-redis-cache-connection-string-password"
,"Azure SAS","Credentials/Secrets","https://learn.microsoft.com/en-us/purview/sit-defn-azure-sas"
,"Azure service bus connection string","Credentials/Secrets","https://learn.microsoft.com/en-us/purview/sit-defn-azure-service-bus-connection-string"
,"Azure service bus shared access signature","Credentials/Secrets","https://learn.microsoft.com/en-us/purview/sit-defn-azure-service-bus-shared-access-signature"
,"Azure Shared Access key / Web Hook token","Credentials/Secrets","https://learn.microsoft.com/en-us/purview/sit-defn-azure-shared-access-key-web-hook-token"
,"Azure SignalR access key","Credentials/Secrets","https://learn.microsoft.com/en-us/purview/sit-defn-azure-signalr-access-key"
,"Azure SQL connection string","Credentials/Secrets","https://learn.microsoft.com/en-us/purview/sit-defn-azure-sql-connection-string"
,"Azure storage account access key","Credentials/Secrets","https://learn.microsoft.com/en-us/purview/sit-defn-azure-storage-account-access-key"
,"Azure storage account key","Credentials/Secrets","https://learn.microsoft.com/en-us/purview/sit-defn-azure-storage-account-key"
,"Azure Storage account key (generic)","Credentials/Secrets","https://learn.microsoft.com/en-us/purview/sit-defn-azure-storage-account-key-generic"
,"Azure Storage account shared access signature","Credentials/Secrets","https://learn.microsoft.com/en-us/purview/sit-defn-azure-storage-account-shared-access-signature"
,"Azure Storage account shared access signature for high risk resources","Credentials/Secrets","https://learn.microsoft.com/en-us/purview/sit-defn-azure-storage-account-shared-access-signature-high-risk-resources"
,"Azure subscription management certificate","Credentials/Secrets","https://learn.microsoft.com/en-us/purview/sit-defn-azure-subscription-management-certificate"
,"Belgium driver's license number","Government ID","https://learn.microsoft.com/en-us/purview/sit-defn-belgium-drivers-license-number"
,"Belgium national number","Government ID","https://learn.microsoft.com/en-us/purview/sit-defn-belgium-national-number"
,"Belgium passport number","Government ID","https://learn.microsoft.com/en-us/purview/sit-defn-belgium-passport-number"
,"Belgium physical addresses","Physical Address","https://learn.microsoft.com/en-us/purview/sit-defn-belgium-physical-addresses"
,"Belgium value added tax number","Financial","https://learn.microsoft.com/en-us/purview/sit-defn-belgium-value-added-tax-number"
,"Blood test terms","Healthcare","https://learn.microsoft.com/en-us/purview/sit-defn-blood-test-terms"
,"Brand medication names","Healthcare","https://learn.microsoft.com/en-us/purview/sit-defn-brand-medication-names"
,"Brazil CPF number","Government ID","https://learn.microsoft.com/en-us/purview/sit-defn-brazil-cpf-number"
,"Brazil legal entity number (CNPJ)","Government ID","https://learn.microsoft.com/en-us/purview/sit-defn-brazil-legal-entity-number"
,"Brazil National ID Card (RG)","Government ID","https://learn.microsoft.com/en-us/purview/sit-defn-brazil-national-identification-card"
,"Brazil physical addresses","Physical Address","https://learn.microsoft.com/en-us/purview/sit-defn-brazil-physical-addresses"
,"Bulgaria driver's license number","Government ID","https://learn.microsoft.com/en-us/purview/sit-defn-bulgaria-drivers-license-number"
,"Bulgaria passport number","Government ID","https://learn.microsoft.com/en-us/purview/sit-defn-bulgaria-passport-number"
,"Bulgaria physical addresses","Physical Address","https://learn.microsoft.com/en-us/purview/sit-defn-bulgaria-physical-addresses"
,"Bulgaria uniform civil number","Government ID","https://learn.microsoft.com/en-us/purview/sit-defn-bulgaria-uniform-civil-number"
,"Canada bank account number","Financial","https://learn.microsoft.com/en-us/purview/sit-defn-canada-bank-account-number"
,"Canada driver's license number","Government ID","https://learn.microsoft.com/en-us/purview/sit-defn-canada-drivers-license-number"
,"Canada health service number","Government ID","https://learn.microsoft.com/en-us/purview/sit-defn-canada-health-service-number"
,"Canada passport number","Government ID","https://learn.microsoft.com/en-us/purview/sit-defn-canada-passport-number"
,"Canada personal health identification number (PHIN)","Government ID","https://learn.microsoft.com/en-us/purview/sit-defn-canada-personal-health-identification-number"
,"Canada physical addresses","Physical Address","https://learn.microsoft.com/en-us/purview/sit-defn-canada-physical-addresses"
,"Canada social insurance number","Government ID","https://learn.microsoft.com/en-us/purview/sit-defn-canada-social-insurance-number"
,"Chile identity card number","Government ID","https://learn.microsoft.com/en-us/purview/sit-defn-chile-identity-card-number"
,"China resident identity card (PRC) number","Government ID","https://learn.microsoft.com/en-us/purview/sit-defn-china-resident-identity-card-number"
,"Client secret / API key","Credentials/Secrets","https://learn.microsoft.com/en-us/purview/sit-defn-client-secret-api-key"
,"Credit card number","Financial","https://learn.microsoft.com/en-us/purview/sit-defn-credit-card-number"
,"Croatia driver's license number","Government ID","https://learn.microsoft.com/en-us/purview/sit-defn-croatia-drivers-license-number"
,"Croatia identity card number","Government ID","https://learn.microsoft.com/en-us/purview/sit-defn-croatia-identity-card-number"
,"Croatia passport number","Government ID","https://learn.microsoft.com/en-us/purview/sit-defn-croatia-passport-number"
,"Croatia personal identification (OIB) number","Government ID","https://learn.microsoft.com/en-us/purview/sit-defn-croatia-personal-identification-number"
,"Croatia physical addresses","Physical Address","https://learn.microsoft.com/en-us/purview/sit-defn-croatia-physical-addresses"
,"Cyprus Driver's License Number","Government ID","https://learn.microsoft.com/en-us/purview/sit-defn-cyprus-drivers-license-number"
,"Cyprus identity card","Government ID","https://learn.microsoft.com/en-us/purview/sit-defn-cyprus-identity-card"
,"Cyprus passport number","Government ID","https://learn.microsoft.com/en-us/purview/sit-defn-cyprus-passport-number"
,"Cyprus physical addresses","Physical Address","https://learn.microsoft.com/en-us/purview/sit-defn-cyprus-physical-addresses"
,"Cyprus tax identification number","Financial","https://learn.microsoft.com/en-us/purview/sit-defn-cyprus-tax-identification-number"
,"Czech driver's license number","Government ID","https://learn.microsoft.com/en-us/purview/sit-defn-czech-drivers-license-number"
,"Czech Republic Passport Number","Government ID","https://learn.microsoft.com/en-us/purview/sit-defn-czech-passport-number"
,"Czech personal identity number","Government ID","https://learn.microsoft.com/en-us/purview/sit-defn-czech-personal-identity-number"
,"Czech Republic physical addresses","Physical Address","https://learn.microsoft.com/en-us/purview/sit-defn-czech-republic-physical-addresses"
,"Denmark driver's license number","Government ID","https://learn.microsoft.com/en-us/purview/sit-defn-denmark-drivers-license-number"
,"Denmark passport number","Government ID","https://learn.microsoft.com/en-us/purview/sit-defn-denmark-passport-number"
,"Denmark personal identification number","Government ID","https://learn.microsoft.com/en-us/purview/sit-defn-denmark-personal-identification-number"
,"Denmark physical addresses","Physical Address","https://learn.microsoft.com/en-us/purview/sit-defn-denmark-physical-addresses"
,"Diseases","Healthcare","https://learn.microsoft.com/en-us/purview/sit-defn-diseases"
,"Drug Enforcement Agency (DEA) number","Country-Specific","https://learn.microsoft.com/en-us/purview/sit-defn-drug-enforcement-agency-number"
,"Ecuador Unique Identification Number","Government ID","https://learn.microsoft.com/en-us/purview/sit-defn-ecuador-unique-identification-number"
,"Estonia driver's license number","Government ID","https://learn.microsoft.com/en-us/purview/sit-defn-estonia-drivers-license-number"
,"Estonia passport number","Government ID","https://learn.microsoft.com/en-us/purview/sit-defn-estonia-passport-number"
,"Estonia Personal Identification Code","Government ID","https://learn.microsoft.com/en-us/purview/sit-defn-estonia-personal-identification-code"
,"Estonia physical addresses","Physical Address","https://learn.microsoft.com/en-us/purview/sit-defn-estonia-physical-addresses"
,"EU debit card number","Financial","https://learn.microsoft.com/en-us/purview/sit-defn-eu-debit-card-number"
,"EU driver's license number","Government ID","https://learn.microsoft.com/en-us/purview/sit-defn-eu-drivers-license-number"
,"EU national identification number","Government ID","https://learn.microsoft.com/en-us/purview/sit-defn-eu-national-identification-number"
,"EU passport number","Government ID","https://learn.microsoft.com/en-us/purview/sit-defn-eu-passport-number"
,"EU Social Security Number (SSN) or Equivalent ID","Government ID","https://learn.microsoft.com/en-us/purview/sit-defn-eu-social-security-number-equivalent-identification"
,"EU Tax Identification Number (TIN)","Financial","https://learn.microsoft.com/en-us/purview/sit-defn-eu-tax-identification-number"
,"Finland driver's license number","Government ID","https://learn.microsoft.com/en-us/purview/sit-defn-finland-drivers-license-number"
,"Finland European health insurance number","Government ID","https://learn.microsoft.com/en-us/purview/sit-defn-finland-european-health-insurance-number"
,"Finland national ID","Government ID","https://learn.microsoft.com/en-us/purview/sit-defn-finland-national-id"
,"Finland passport number","Government ID","https://learn.microsoft.com/en-us/purview/sit-defn-finland-passport-number"
,"Finland physical addresses","Physical Address","https://learn.microsoft.com/en-us/purview/sit-defn-finland-physical-addresses"
,"France driver's license number","Government ID","https://learn.microsoft.com/en-us/purview/sit-defn-france-drivers-license-number"
,"France health insurance number","Government ID","https://learn.microsoft.com/en-us/purview/sit-defn-france-health-insurance-number"
,"France national id card (CNI)","Government ID","https://learn.microsoft.com/en-us/purview/sit-defn-france-national-id-card"
,"France passport number","Government ID","https://learn.microsoft.com/en-us/purview/sit-defn-france-passport-number"
,"France physical addresses","Physical Address","https://learn.microsoft.com/en-us/purview/sit-defn-france-physical-addresses"
,"France social security number (INSEE)","Government ID","https://learn.microsoft.com/en-us/purview/sit-defn-france-social-security-number"
,"France Tax Identification Number (numéro SPI.)","Financial","https://learn.microsoft.com/en-us/purview/sit-defn-france-tax-identification-number"
,"France value added tax number","Financial","https://learn.microsoft.com/en-us/purview/sit-defn-france-value-added-tax-number"
,"General password","Credentials/Secrets","https://learn.microsoft.com/en-us/purview/sit-defn-general-password"
,"General Symmetric key","Credentials/Secrets","https://learn.microsoft.com/en-us/purview/sit-defn-general-symmetric-key"
,"Generic medication names","Healthcare","https://learn.microsoft.com/en-us/purview/sit-defn-generic-medication-names"
,"German Driver's License Number","Government ID","https://learn.microsoft.com/en-us/purview/sit-defn-germany-drivers-license-number"
,"Germany identity card number","Government ID","https://learn.microsoft.com/en-us/purview/sit-defn-germany-identity-card-number"
,"German Passport Number","Government ID","https://learn.microsoft.com/en-us/purview/sit-defn-germany-passport-number"
,"Germany physical addresses","Physical Address","https://learn.microsoft.com/en-us/purview/sit-defn-germany-physical-addresses"
,"Germany tax identification number","Financial","https://learn.microsoft.com/en-us/purview/sit-defn-germany-tax-identification-number"
,"Germany value added tax number","Financial","https://learn.microsoft.com/en-us/purview/sit-defn-germany-value-added-tax-number"
,"GitHub Personal Access Token","Credentials/Secrets","https://learn.microsoft.com/en-us/purview/sit-defn-github-personal-access-token"
,"Google API key","Credentials/Secrets","https://learn.microsoft.com/en-us/purview/sit-defn-google-api-key"
,"Greece driver's license number","Government ID","https://learn.microsoft.com/en-us/purview/sit-defn-greece-drivers-license-number"
,"Greece national ID card","Government ID","https://learn.microsoft.com/en-us/purview/sit-defn-greece-national-id-card"
,"Greece passport number","Government ID","https://learn.microsoft.com/en-us/purview/sit-defn-greece-passport-number"
,"Greece physical addresses","Physical Address","https://learn.microsoft.com/en-us/purview/sit-defn-greece-physical-addresses"
,"Greece Social Security Number (AMKA)","Government ID","https://learn.microsoft.com/en-us/purview/sit-defn-greece-social-security-number"
,"Greek Tax identification Number","Financial","https://learn.microsoft.com/en-us/purview/sit-defn-greece-tax-identification-number"
,"Hong Kong identity card (HKID) number","Government ID","https://learn.microsoft.com/en-us/purview/sit-defn-hong-kong-identity-card-number"
,"Http authorization header","Credentials/Secrets","https://learn.microsoft.com/en-us/purview/sit-defn-http-authorization-header"
,"Hungary driver's license number","Government ID","https://learn.microsoft.com/en-us/purview/sit-defn-hungary-drivers-license-number"
,"Hungary passport number","Government ID","https://learn.microsoft.com/en-us/purview/sit-defn-hungary-passport-number"
,"Hungary personal identification number","Government ID","https://learn.microsoft.com/en-us/purview/sit-defn-hungary-personal-identification-number"
,"Hungary physical addresses","Physical Address","https://learn.microsoft.com/en-us/purview/sit-defn-hungary-physical-addresses"
,"Hungarian Social Security Number (TAJ)","Government ID","https://learn.microsoft.com/en-us/purview/sit-defn-hungary-social-security-number"
,"Hungary tax identification number","Financial","https://learn.microsoft.com/en-us/purview/sit-defn-hungary-tax-identification-number"
,"Hungarian Value Added Tax Number","Financial","https://learn.microsoft.com/en-us/purview/sit-defn-hungary-value-added-tax-number"
,"Iceland physical addresses","Physical Address","https://learn.microsoft.com/en-us/purview/sit-defn-iceland-physical-addresses"
,"Impairments Listed In The U.S. Disability Evaluation Under Social Security","Government ID","https://learn.microsoft.com/en-us/purview/sit-defn-impairments-us-disability-evaluation-under-social-security"
,"India driver's License Number","Government ID","https://learn.microsoft.com/en-us/purview/sit-defn-india-drivers-license-number"
,"India GST Number","Financial","https://learn.microsoft.com/en-us/purview/sit-defn-india-gst-number"
,"India permanent account number (PAN)","Government ID","https://learn.microsoft.com/en-us/purview/sit-defn-india-permanent-account-number"
,"India unique identification (Aadhaar) number","Government ID","https://learn.microsoft.com/en-us/purview/sit-defn-india-unique-identification-number"
,"India Voter Id Card","Government ID","https://learn.microsoft.com/en-us/purview/sit-defn-india-voter-id-card"
,"Indonesia Drivers License Number","Government ID","https://learn.microsoft.com/en-us/purview/sit-defn-indonesia-drivers-license-number"
,"Indonesia identity card (KTP) number","Government ID","https://learn.microsoft.com/en-us/purview/sit-defn-indonesia-identity-card-number"
,"Indonesia passport number","Government ID","https://learn.microsoft.com/en-us/purview/sit-defn-indonesia-passport-number"
,"International banking account number (IBAN)","Financial","https://learn.microsoft.com/en-us/purview/sit-defn-international-banking-account-number"
,"International classification of diseases (ICD-10-CM)","Healthcare","https://learn.microsoft.com/en-us/purview/sit-defn-international-classification-of-diseases-icd-10-cm"
,"International classification of diseases (ICD-9-CM)","Healthcare","https://learn.microsoft.com/en-us/purview/sit-defn-international-classification-of-diseases-icd-9-cm"
,"IP address","General","https://learn.microsoft.com/en-us/purview/sit-defn-ip-address"
,"IP Address v4","General","https://learn.microsoft.com/en-us/purview/sit-defn-ip-address-v4"
,"IP Address v6","General","https://learn.microsoft.com/en-us/purview/sit-defn-ip-address-v6"
,"Ireland driver's license number","Government ID","https://learn.microsoft.com/en-us/purview/sit-defn-ireland-drivers-license-number"
,"Ireland passport number","Government ID","https://learn.microsoft.com/en-us/purview/sit-defn-ireland-passport-number"
,"Ireland personal public service (PPS) number","Government ID","https://learn.microsoft.com/en-us/purview/sit-defn-ireland-personal-public-service-number"
,"Ireland physical addresses","Physical Address","https://learn.microsoft.com/en-us/purview/sit-defn-ireland-physical-addresses"
,"Israel bank account number","Financial","https://learn.microsoft.com/en-us/purview/sit-defn-israel-bank-account-number"
,"Israel National ID","Government ID","https://learn.microsoft.com/en-us/purview/sit-defn-israel-national-identification-number"
,"Italy driver's license number","Government ID","https://learn.microsoft.com/en-us/purview/sit-defn-italy-drivers-license-number"
,"Italy fiscal code","Financial","https://learn.microsoft.com/en-us/purview/sit-defn-italy-fiscal-code"
,"Italy passport number","Government ID","https://learn.microsoft.com/en-us/purview/sit-defn-italy-passport-number"
,"Italy physical addresses","Physical Address","https://learn.microsoft.com/en-us/purview/sit-defn-italy-physical-addresses"
,"Italy value added tax number","Financial","https://learn.microsoft.com/en-us/purview/sit-defn-italy-value-added-tax-number"
,"Japan bank account number","Financial","https://learn.microsoft.com/en-us/purview/sit-defn-japan-bank-account-number"
,"Japan driver's license number","Government ID","https://learn.microsoft.com/en-us/purview/sit-defn-japan-drivers-license-number"
,"Japanese My Number Corporate","Government ID","https://learn.microsoft.com/en-us/purview/sit-defn-japan-my-number-corporate"
,"Japanese My Number Personal","Government ID","https://learn.microsoft.com/en-us/purview/sit-defn-japan-my-number-personal"
,"Japan passport number","Government ID","https://learn.microsoft.com/en-us/purview/sit-defn-japan-passport-number"
,"Japan physical addresses","Government ID","https://learn.microsoft.com/en-us/purview/sit-defn-japan-physical-addresses"
,"Japanese Residence Card Number","Government ID","https://learn.microsoft.com/en-us/purview/sit-defn-japan-residence-card-number"
,"Japan resident registration number","Government ID","https://learn.microsoft.com/en-us/purview/sit-defn-japan-resident-registration-number"
,"Japan social insurance number (SIN)","Government ID","https://learn.microsoft.com/en-us/purview/sit-defn-japan-social-insurance-number"
,"Lab test terms","Healthcare","https://learn.microsoft.com/en-us/purview/sit-defn-lab-test-terms"
,"Latvia driver's license number","Government ID","https://learn.microsoft.com/en-us/purview/sit-defn-latvia-drivers-license-number"
,"Latvia passport number","Government ID","https://learn.microsoft.com/en-us/purview/sit-defn-latvia-passport-number"
,"Latvia personal code","Government ID","https://learn.microsoft.com/en-us/purview/sit-defn-latvia-personal-code"
,"Latvia physical addresses","Physical Address","https://learn.microsoft.com/en-us/purview/sit-defn-latvia-physical-addresses"
,"Liechtenstein physical addresses","Physical Address","https://learn.microsoft.com/en-us/purview/sit-defn-liechtenstein-physical-addresses"
,"Lifestyles that relate to medical conditions","Healthcare","https://learn.microsoft.com/en-us/purview/sit-defn-lifestyles-relate-to-medical-conditions"
,"Lithuania driver's license number","Government ID","https://learn.microsoft.com/en-us/purview/sit-defn-lithuania-drivers-license-number"
,"Lithuania passport number","Government ID","https://learn.microsoft.com/en-us/purview/sit-defn-lithuania-passport-number"
,"Lithuania personal code","Government ID","https://learn.microsoft.com/en-us/purview/sit-defn-lithuania-personal-code"
,"Lithuania physical addresses","Physical Address","https://learn.microsoft.com/en-us/purview/sit-defn-lithuania-physical-addresses"
,"Luxembourg Driver's License Number","Government ID","https://learn.microsoft.com/en-us/purview/sit-defn-luxemburg-drivers-license-number"
,"Luxembourg National Identification Number (Natural persons)","Government ID","https://learn.microsoft.com/en-us/purview/sit-defn-luxemburg-national-identification-number-natural-persons"
,"Luxembourg National Identification Number (Non-natural persons)","Government ID","https://learn.microsoft.com/en-us/purview/sit-defn-luxemburg-national-identification-number-non-natural-persons"
,"Luxembourg Passport Number","Government ID","https://learn.microsoft.com/en-us/purview/sit-defn-luxemburg-passport-number"
,"Luxembourg Physical Addresses","Physical Address","https://learn.microsoft.com/en-us/purview/sit-defn-luxemburg-physical-addresses"
,"Malaysia Identity Card Number","Country-Specific","https://learn.microsoft.com/en-us/purview/sit-defn-malaysia-identification-card-number"
,"Malaysia passport number","Government ID","https://learn.microsoft.com/en-us/purview/sit-defn-malaysia-passport-number"
,"Malta driver's license number","Government ID","https://learn.microsoft.com/en-us/purview/sit-defn-malta-drivers-license-number"
,"Malta identity card number","Government ID","https://learn.microsoft.com/en-us/purview/sit-defn-malta-identity-card-number"
,"Malta passport number","Government ID","https://learn.microsoft.com/en-us/purview/sit-defn-malta-passport-number"
,"Malta physical addresses","Physical Address","https://learn.microsoft.com/en-us/purview/sit-defn-malta-physical-addresses"
,"Malta Tax ID Number","Financial","https://learn.microsoft.com/en-us/purview/sit-defn-malta-tax-identification-number"
,"Medical Specialties","Healthcare","https://learn.microsoft.com/en-us/purview/sit-defn-medical-specialities"
,"Medicare Beneficiary Identifier (MBI) card","Government ID","https://learn.microsoft.com/en-us/purview/sit-defn-medicare-beneficiary-identifier-card"
,"Mexico Unique Population Registry Code (CURP)","Government ID","https://learn.microsoft.com/en-us/purview/sit-defn-mexico-unique-population-registry-code"
,"Microsoft Bing maps key","Credentials/Secrets","https://learn.microsoft.com/en-us/purview/sit-defn-microsoft-bing-maps-key"
,"Microsoft Entra client access token","Credentials/Secrets","https://learn.microsoft.com/en-us/purview/sit-defn-azure-ad-client-access-token"
,"Microsoft Entra client secret","Credentials/Secrets","https://learn.microsoft.com/en-us/purview/sit-defn-azure-ad-client-secret"
,"Microsoft Entra user Credentials","Credentials/Secrets","https://learn.microsoft.com/en-us/purview/sit-defn-azure-ad-user-credentials"
,"Netherlands citizen's service (BSN) number","Government ID","https://learn.microsoft.com/en-us/purview/sit-defn-netherlands-citizens-service-number"
,"Netherlands driver's license number","Government ID","https://learn.microsoft.com/en-us/purview/sit-defn-netherlands-drivers-license-number"
,"Netherlands passport number","Government ID","https://learn.microsoft.com/en-us/purview/sit-defn-netherlands-passport-number"
,"Netherlands physical addresses","Physical Address","https://learn.microsoft.com/en-us/purview/sit-defn-netherlands-physical-addresses"
,"Netherlands tax identification number","Financial","https://learn.microsoft.com/en-us/purview/sit-defn-netherlands-tax-identification-number"
,"Netherlands value added tax number","Financial","https://learn.microsoft.com/en-us/purview/sit-defn-netherlands-value-added-tax-number"
,"New Zealand bank account number","Financial","https://learn.microsoft.com/en-us/purview/sit-defn-new-zealand-bank-account-number"
,"New Zealand Driver License Number","Government ID","https://learn.microsoft.com/en-us/purview/sit-defn-new-zealand-drivers-license-number"
,"New Zealand inland revenue number","Financial","https://learn.microsoft.com/en-us/purview/sit-defn-new-zealand-inland-revenue-number"
,"New Zealand ministry of health number","Healthcare","https://learn.microsoft.com/en-us/purview/sit-defn-new-zealand-ministry-of-health-number"
,"New Zealand physical addresses","Physical Address","https://learn.microsoft.com/en-us/purview/sit-defn-new-zealand-physical-addresses"
,"New Zealand social welfare number","Country-Specific","https://learn.microsoft.com/en-us/purview/sit-defn-new-zealand-social-welfare-number"
,"Norway Identity Number","Government ID","https://learn.microsoft.com/en-us/purview/sit-defn-norway-identification-number"
,"Norway physical addresses","Physical Address","https://learn.microsoft.com/en-us/purview/sit-defn-norway-physical-addresses"
,"Philippines National ID","Government ID","https://learn.microsoft.com/en-us/purview/sit-defn-philippines-national-identification-number"
,"Philippines passport number","Government ID","https://learn.microsoft.com/en-us/purview/sit-defn-philippines-passport-number"
,"Philippines Unified Multi-Purpose ID Number","Government ID","https://learn.microsoft.com/en-us/purview/sit-defn-philippines-unified-multi-purpose-identification-number"
,"Poland driver's license number","Government ID","https://learn.microsoft.com/en-us/purview/sit-defn-poland-drivers-license-number"
,"Poland identity card","Government ID","https://learn.microsoft.com/en-us/purview/sit-defn-poland-identity-card"
,"Poland national ID (PESEL)","Government ID","https://learn.microsoft.com/en-us/purview/sit-defn-poland-national-id"
,"Poland Passport","Government ID","https://learn.microsoft.com/en-us/purview/sit-defn-poland-passport-number"
,"Poland physical addresses","Physical Address","https://learn.microsoft.com/en-us/purview/sit-defn-poland-physical-addresses"
,"Polish REGON Number","Government ID","https://learn.microsoft.com/en-us/purview/sit-defn-poland-regon-number"
,"Poland tax identification number","Financial","https://learn.microsoft.com/en-us/purview/sit-defn-poland-tax-identification-number"
,"Portugal citizen card number","Government ID","https://learn.microsoft.com/en-us/purview/sit-defn-portugal-citizen-card-number"
,"Portugal driver's license number","Government ID","https://learn.microsoft.com/en-us/purview/sit-defn-portugal-drivers-license-number"
,"Portugal passport number","Government ID","https://learn.microsoft.com/en-us/purview/sit-defn-portugal-passport-number"
,"Portuguese Physical Addresses","Physical Address","https://learn.microsoft.com/en-us/purview/sit-defn-portugal-physical-addresses"
,"Portugal tax identification number","Financial","https://learn.microsoft.com/en-us/purview/sit-defn-portugal-tax-identification-number"
,"Qatari ID Card Number","Country-Specific","https://learn.microsoft.com/en-us/purview/sit-defn-qatari-id-card-number"
,"Romania driver's license number","Government ID","https://learn.microsoft.com/en-us/purview/sit-defn-romania-drivers-license-number"
,"Romania passport number","Government ID","https://learn.microsoft.com/en-us/purview/sit-defn-romania-passport-number"
,"Romania Personal Numerical Code (CNP)","Country-Specific","https://learn.microsoft.com/en-us/purview/sit-defn-romania-personal-numeric-code"
,"Romania physical addresses","Physical Address","https://learn.microsoft.com/en-us/purview/sit-defn-romania-physical-addresses"
,"Russian Passport Number (Domestic)","Government ID","https://learn.microsoft.com/en-us/purview/sit-defn-russia-passport-number-domestic"
,"Russian Passport Number (International)","Government ID","https://learn.microsoft.com/en-us/purview/sit-defn-russia-passport-number-international"
,"Saudi Arabia National ID","Government ID","https://learn.microsoft.com/en-us/purview/sit-defn-saudi-arabia-national-id"
,"Singapore passport number","Government ID","https://learn.microsoft.com/en-us/purview/sit-defn-singapore-passport-number"
,"Singapore national registration identity card (NRIC) number","Government ID","https://learn.microsoft.com/en-us/purview/sit-defn-singapore-national-registration-identity-card-number"
,"Slack access token","Credentials/Secrets","https://learn.microsoft.com/en-us/purview/sit-defn-slack-access-token"
,"Slovakia driver's license number","Government ID","https://learn.microsoft.com/en-us/purview/sit-defn-slovakia-drivers-license-number"
,"Slovakia passport number","Government ID","https://learn.microsoft.com/en-us/purview/sit-defn-slovakia-passport-number"
,"Slovakia personal number","Government ID","https://learn.microsoft.com/en-us/purview/sit-defn-slovakia-personal-number"
,"Slovakia physical addresses","Physical Address","https://learn.microsoft.com/en-us/purview/sit-defn-slovakia-physical-addresses"
,"Slovenia driver's license number","Government ID","https://learn.microsoft.com/en-us/purview/sit-defn-slovenia-drivers-license-number"
,"Slovenia passport number","Government ID","https://learn.microsoft.com/en-us/purview/sit-defn-slovenia-passport-number"
,"Slovenia physical addresses","Physical Address","https://learn.microsoft.com/en-us/purview/sit-defn-slovenia-physical-addresses"
,"Slovenia tax identification number","Financial","https://learn.microsoft.com/en-us/purview/sit-defn-slovenia-tax-identification-number"
,"Slovenia Unique Master Citizen Number","Government ID","https://learn.microsoft.com/en-us/purview/sit-defn-slovenia-unique-master-citizen-number"
,"South Africa identification number","Government ID","https://learn.microsoft.com/en-us/purview/sit-defn-south-africa-identification-number"
,"South Korea driver's license number","Government ID","https://learn.microsoft.com/en-us/purview/sit-defn-south-korea-drivers-license-number"
,"South Korea passport number","Government ID","https://learn.microsoft.com/en-us/purview/sit-defn-south-korea-passport-number"
,"South Korea resident registration number","Government ID","https://learn.microsoft.com/en-us/purview/sit-defn-south-korea-resident-registration-number"
,"Spain DNI","Government ID","https://learn.microsoft.com/en-us/purview/sit-defn-spain-dni"
,"Spain driver's license number","Government ID","https://learn.microsoft.com/en-us/purview/sit-defn-spain-drivers-license-number"
,"Spain passport number","Government ID","https://learn.microsoft.com/en-us/purview/sit-defn-spain-passport-number"
,"Spain physical addresses","Physical Address","https://learn.microsoft.com/en-us/purview/sit-defn-spain-physical-addresses"
,"Spain social security number (SSN)","Government ID","https://learn.microsoft.com/en-us/purview/sit-defn-spain-social-security-number"
,"Spain tax identification number","Financial","https://learn.microsoft.com/en-us/purview/sit-defn-spain-tax-identification-number"
,"SQL Server connection string","Credentials/Secrets","https://learn.microsoft.com/en-us/purview/sit-defn-sql-server-connection-string"
,"Surgical procedures","Healthcare","https://learn.microsoft.com/en-us/purview/sit-defn-surgical-procedures"
,"Sweden driver's license number","Government ID","https://learn.microsoft.com/en-us/purview/sit-defn-sweden-drivers-license-number"
,"Sweden national ID","Government ID","https://learn.microsoft.com/en-us/purview/sit-defn-sweden-national-id"
,"Sweden passport number","Government ID","https://learn.microsoft.com/en-us/purview/sit-defn-sweden-passport-number"
,"Sweden physical addresses","Physical Address","https://learn.microsoft.com/en-us/purview/sit-defn-sweden-physical-addresses"
,"Sweden tax identification number","Financial","https://learn.microsoft.com/en-us/purview/sit-defn-sweden-tax-identification-number"
,"SWIFT code","Financial","https://learn.microsoft.com/en-us/purview/sit-defn-swift-code"
,"Switzerland physical addresses","Physical Address","https://learn.microsoft.com/en-us/purview/sit-defn-switzerland-physical-addresses"
,"Swiss Social Security Number AHV","Government ID","https://learn.microsoft.com/en-us/purview/sit-defn-switzerland-ssn-ahv-number"
,"Taiwan National ID","Government ID","https://learn.microsoft.com/en-us/purview/sit-defn-taiwan-national-identification-number"
,"Taiwan passport number","Government ID","https://learn.microsoft.com/en-us/purview/sit-defn-taiwan-passport-number"
,"Taiwan Resident Certificate (ARC/TARC)","Credentials/Secrets","https://learn.microsoft.com/en-us/purview/sit-defn-taiwan-resident-certificate-number"
,"Thai population identification code","Country-Specific","https://learn.microsoft.com/en-us/purview/sit-defn-thai-population-identification-code"
,"Turkish National Identification number","Government ID","https://learn.microsoft.com/en-us/purview/sit-defn-turkey-national-identification-number"
,"Turkey physical addresses","Physical Address","https://learn.microsoft.com/en-us/purview/sit-defn-turkey-physical-addresses"
,"Types of medication","Healthcare","https://learn.microsoft.com/en-us/purview/sit-defn-types-of-medication"
,"UAE Identity Card Number","Government ID","https://learn.microsoft.com/en-us/purview/sit-defn-uae-identity-card-number"
,"UAE Passport Number","Government ID","https://learn.microsoft.com/en-us/purview/sit-defn-uae-passport-number"
,"U.K. driver's license number","Government ID","https://learn.microsoft.com/en-us/purview/sit-defn-uk-drivers-license-number"
,"U.K. electoral roll number","Government ID","https://learn.microsoft.com/en-us/purview/sit-defn-uk-electoral-roll-number"
,"U.K. national health service number","Government ID","https://learn.microsoft.com/en-us/purview/sit-defn-uk-national-health-service-number"
,"U.K. national insurance number (NINO)","Government ID","https://learn.microsoft.com/en-us/purview/sit-defn-uk-national-insurance-number"
,"U.K. physical addresses","Physical Address","https://learn.microsoft.com/en-us/purview/sit-defn-uk-physical-addresses"
,"U.K. Unique Taxpayer Reference Number","Financial","https://learn.microsoft.com/en-us/purview/sit-defn-uk-unique-taxpayer-reference-number"
,"U.S. bank account number","Financial","https://learn.microsoft.com/en-us/purview/sit-defn-us-bank-account-number"
,"U.S. driver's license number","Government ID","https://learn.microsoft.com/en-us/purview/sit-defn-us-drivers-license-number"
,"U.S. individual taxpayer identification number (ITIN)","Financial","https://learn.microsoft.com/en-us/purview/sit-defn-us-individual-taxpayer-identification-number"
,"U.S. physical addresses","Physical Address","https://learn.microsoft.com/en-us/purview/sit-defn-us-physical-addresses"
,"U.S. social security number (SSN)","Government ID","https://learn.microsoft.com/en-us/purview/sit-defn-us-social-security-number"
,"U.S. / U.K. Passport Number","Government ID","https://learn.microsoft.com/en-us/purview/sit-defn-us-uk-passport-number"
,"Ukraine Passport Number (Domestic)","Government ID","https://learn.microsoft.com/en-us/purview/sit-defn-ukraine-passport-domestic"
,"Ukraine Passport Number (International)","Government ID","https://learn.microsoft.com/en-us/purview/sit-defn-ukraine-passport-international"
,"User login credentials","Credentials/Secrets","https://learn.microsoft.com/en-us/purview/sit-defn-user-login-credentials"
,"X.509 certificate private key","Credentials/Secrets","https://learn.microsoft.com/en-us/purview/sit-defn-x-509-certificate-private-key"
